country,1960,1961,1962,1963,1964,1965,1966,1967,1968,1969,1970,1971,1972,1973,1974,1975,1976,1977,1978,1979,1980,1981,1982,1983,1984,1985,1986,1987,1988,1989,1990,1991,1992,1993,1994,1995,1996,1997,1998,1999,2000,2001,2002,2003,2004,2005,2006,2007,2008,2009,2010,2011,2012,2013,2014,2015,2016,2017,2018,2019,2020
Aruba,,,,,,,,,,,,,,,,,,,,,,,,,,,,,,,,,,,,81,81,79.6,79.5,80.9,67.6,69.7,70,68.7,67.6,67.4,66.9,65.4,65.9,69.6,,,,,,,,,,,
Afghanistan,,,,,,,,,,,,,,,,,,,,,,,,,,,,,,,,,,,,,,,,,,,36.2,37.4,41.1,39,39.8,40.3,45.4,45.2,48.9,49.7,50.6,52.7,53,53.2,59,58.3,59.5,55.5,56.1
Angola,,,,,,,,,,,,,,,,,,,,,,,,,,,,,,,,,,,,33.1,25.2,30.2,31.9,21,22.2,27,37.9,41.2,40.3,35.5,37.2,34.6,34.3,49,41.9,39.1,39.6,42.8,46.8,48.7,47,46.8,43.2,38.9,41.4
Albania,,,,,,,,,,,,,,,,,,,,,,,,,,,,,,,,,,,,,39.8,42.3,44,46.8,44.3,44.9,43.8,41.9,42.6,43.6,43.5,44.6,44.7,45.3,44,44.3,45,44.6,45.8,46.3,46.7,48,47.7,48.6,48.4
United Arab Emirates,,,,,,,,,,,,,,,,25.5,27.6,31.5,31.3,28.1,26.8,31.1,36.2,37.9,36.3,37.8,46.7,44.2,45.8,43.7,40,51.9,43.3,47,51.9,52.7,51.8,52.6,57.8,55.6,49.2,48.1,50.3,49,46.7,43,41,44.2,41.2,46.9,46.7,41.3,41.9,44.4,46.6,55.4,57.8,56.7,52.2,53.1,
Argentina,,,,,,38.7,40.1,42.6,43.2,43.4,48.1,43.2,43.4,44.7,46.2,43.3,41,44.1,46.4,48.2,52.4,53.2,49.3,49.8,51.9,53.1,54.8,54.1,52.5,48,55.9,60.6,63.3,61.1,61.6,62.3,61.4,60.8,61.5,63.5,63.5,65.1,54.8,51,47.8,48.5,48.7,49.5,50.3,53.3,51.5,51.8,53.7,53.9,52.9,55.8,56.1,57.3,55.9,54.3,54.3
Armenia,,,,,,,,,,,,,,,,,,,,,,,,,,,,,,,,,,,,,,,,,,,,,,,,,,,,,45.7,45.7,47.4,48.2,49.9,50.8,52.6,54.2,53.3
Antigua and Barbuda,,,,,,,,,,,,,,,,,,75.1,75.6,75.1,73.6,73.1,75.7,76.5,76.8,75.8,72.4,71.9,71.7,71.5,72.5,72.3,73.2,74.2,74.2,73.7,73.7,74,74.4,74.2,76.2,75.8,75,74.5,73.2,72.6,68.3,67.6,67.3,68.4,70.7,72.1,71.6,70.9,70.4,69.9,68.5,67.4,65.8,66.3,65.2
Australia,,,,,,,,,,,,,,,,,,,,,,,,,,,,,,,59.4,61.1,61.8,62.4,62.4,62.3,62.4,63.3,63.5,64.3,64.3,64.1,64,64.3,64.3,64.4,63.7,64.4,64.5,64.1,65.7,64.7,65.3,66.3,65.8,67.3,68.3,67,66.7,66,66
Austria,,,,,,,,,,,,,,,,,49.6,50.5,50.5,51.7,51.6,52.2,53.4,54,54.2,54.6,55,55.6,55.7,56.1,56.1,56.4,57.3,58.4,58.2,58.9,58.7,58.5,58.9,58.7,59.3,59.5,60.3,60.4,60.3,60.6,60.7,60.3,61,62.2,62.3,62.3,62,62.3,62.7,62.9,62.6,62.6,62.7,62.8,62.8
Azerbaijan,,,,,,,,,,,,,,,,,,,,,,,,,,,,,,,34.8,34.2,28.8,35.9,38,37.9,30.8,35.8,43.3,39,35.8,34.5,32.5,31.9,31.8,25.1,23.5,21.8,23.7,31.3,28.2,27.7,29.5,31.5,34.2,40.7,39.3,38.1,35.3,37,42.5
Burundi,,,,,,,,,,,17.8,19,21.5,18.2,19.5,19.5,20.6,19.3,20.6,20.3,23.2,24,25.6,25.5,23.7,23.1,25.1,25.5,25.9,23.4,23,23.3,22.7,22.4,26.8,28.5,28.1,32.6,33.5,35.7,32.1,35,35.5,33.8,34,34,35.7,39.9,38.3,37.8,37,38,38.9,36,39.1,49.4,47.7,49.3,49.1,47.9,45.2
Belgium,,,,,,,,,,,,,,,,,,,,,,,,,,,,,,,,,,,,62.8,62.6,62.1,62.6,63.4,63.1,64.2,64.7,65.3,65.2,65.9,66.1,66.1,67,68.1,67.7,68,68.5,68.8,69.2,69.2,69.4,69.3,69.7,69.5,69.6
Benin,43.6,44,45.5,44.8,43.7,47.4,43.5,46.5,50.3,50.4,52,52.2,51.9,52.1,51.4,53.3,53.9,55.6,51.5,51.7,52.3,54.4,52.4,51.5,49.6,51.8,54.2,54.4,52.2,49.4,52.9,53,53.3,53.7,54.4,53.5,51,50.7,50.9,33.5,35.3,37.6,35.8,37.2,36.9,38,39.2,41,43.8,44.1,44.5,47,48.9,49.4,49.5,49.2,48.2,48.4,48.8,48,47.9
Burkina Faso,38.3,38.5,38.7,36.9,36.6,41.2,40.7,42.2,43.3,43.2,44.5,40.8,40.9,39.8,41.7,40.4,38.7,43.9,42.8,47,48.5,48.4,50.5,49.9,49.4,43.2,45,45.9,45.3,45.9,47.6,46.4,46.4,46.3,39.4,39.5,37.5,38.3,38,44,47.7,46.4,46.6,44.9,46.5,44.5,47.1,48.2,45.1,45.9,42.1,40.6,40.3,41.6,42.5,44.1,43.8,44,42.4,44.5,41.2
Bangladesh,35.6,35.2,35,35,36.2,36.5,35.7,36,37.2,35.4,36.7,41.3,34.3,31.3,30,26.4,33.6,34.4,31.4,31.9,44.6,45.7,46.1,45.8,41.6,44.4,45.1,45.5,46.4,47.2,46.7,44.4,44.4,46,46.3,45.1,50.1,49.9,49.8,50.2,50.6,50.6,51.6,52.4,52.8,52.9,52.7,52.9,52.9,53.3,53.5,53,53.2,53.4,53.6,53.7,53.7,53.5,53,52.8,54.6
Bulgaria,,,,,,,,,,,,,,,,,,,,,30.5,29,25,25.1,24.1,25.1,21.4,30.1,32.5,32.7,35.2,35.7,39.1,45.3,44.7,65.3,65.9,49.1,54.4,53.4,54,53.5,55.3,53.9,54.1,53.5,52.9,54,53.3,56.1,59.6,57.7,57.4,58.4,58.9,58.6,57.9,58.1,61,61.5,60.2
Bahrain,,,,,,,,,,,,,,,,,,,,,36.4,37.3,41.7,46.2,45.9,,,,,,,,,,,,,,,,,,,,,,53.5,52.8,48.3,55.6,53.7,49.3,51.2,50.8,52.5,58.6,59.6,57.6,56,55.1,59.2
Bahamas,,,,,,,,,,,,,,,,,,,,,,,,,73.4,73,73,73.1,,68.5,70.2,66.8,66.6,71.2,67.5,68.1,67.9,76.8,76.9,80.1,77.7,82.4,80.9,81.5,82.3,82.2,78.9,82.2,81.2,82.3,81.1,79.8,76.9,78.3,78.5,77.2,76.7,74.8,73.2,71.2,
Bosnia and Herzegovina,,,,,,,,,,,,,,,,,,,,,,,,,,,,,,,,,,,38.3,53.6,35.7,39.4,38.7,44.5,55.9,54.5,56,55.4,55.2,54.6,52.6,52.5,53.7,55.6,55.5,55.8,56.8,56.2,56.8,56.2,55.4,55.7,54.9,55.7,
Belarus,,,,,,,,,,,,,,,,,,,,,,,,,,,,,,,28.6,22.2,27.2,40.6,44.4,41.2,39.4,37.9,39.6,40,39.9,44.3,44.1,43.3,41.8,39.6,40.8,40.5,38,42.2,43.5,44.1,43.3,45.4,45.7,47.7,48.5,47.6,47.8,48.4,49.1
Belize,,,,,,,,,,,,,,,,,,,40.6,43.1,43.9,49.3,55.7,56.7,54.4,55.7,55.2,50.8,49.7,51.6,51.8,53.2,54.4,54.8,55.4,55.2,54.6,55.6,56.1,58,56.4,58.6,59.9,61,61,61.9,59.9,60.4,60.1,61.5,60.3,59.3,59.3,59.2,59.5,60.1,61.6,62.5,65.8,64.4,62.5
Bermuda,,,,,,,,,,,,,,,,,,,,,,,,,,,,,,,,,,,,,,,,,,,,,,,,,,,88.9,89.7,90.7,90.1,90.8,90.4,90.1,89.7,89.6,89.2,
Bolivia,,,,,,,,,,,44.3,46.2,43.8,41.5,40,44.8,45.7,45.3,46.7,48,45,44.4,45.3,42.4,43.2,43.4,44.3,46.4,46.1,46.4,46.1,46.6,47.5,48.9,48.3,46.7,47.5,49.2,51.7,54.2,52.2,52.7,52.3,51.3,49.3,46.8,43.1,42.5,40.5,43.5,43.6,41,40.4,40.2,41.5,46,49.8,48.7,49.1,50.7,
Brazil,36.3,34,44.2,40.2,43.8,42.5,41.7,44,41.7,41.4,41.5,41.9,41.4,40.8,40.9,42.1,41.6,41.1,42.7,43.4,40.8,40.9,40.9,40.5,39,39.3,38.9,39.7,41.8,48.4,45.2,48.8,47.1,44.1,43.5,58.1,60.3,60.6,61.1,60.2,58.3,57.7,57.3,56.4,54.9,56.1,57.1,57.7,56.8,59.1,57.6,57.6,58.7,59.7,61.3,62.3,63.2,63.3,62.7,63.2,62.9
Barbados,,,,,,,,,,,,,,,,58.7,63.8,62.1,61.4,61.9,50.9,53.4,54.4,53.2,53.2,56.2,54.6,54.3,54.4,55,71,70.5,71.5,70.6,71.9,72.2,72.8,72,70.4,70.6,71.3,71.5,73.7,71.7,72.9,71.9,,,,,,,,,,,,,,,
Brunei,,,,,,,,,,,,,,,8.15,9.15,8.42,14.2,18.3,14.9,14.5,17.5,19.5,21.7,25.5,27,39.3,38.6,45.5,39.2,37.5,39.4,38.6,41.7,45,44.6,42.6,42.7,47.1,43.6,35.3,38.8,38.2,34.6,31,27.5,26.1,28,25.3,33.7,32.5,27.4,28.3,31.2,32.8,39.4,43,40.9,37.3,38.2,41.5
Bhutan,,,,,,,,,,,,,,,,,,,,,46.2,42.6,39.8,37.5,36.6,38,39.1,37.9,39.4,41.5,40.5,40.9,38.6,38.8,35.3,34.3,35.4,35,37.6,36.1,37.1,36.3,35,35.3,37,39.1,38.6,35.2,36.3,37.9,37.3,39,37.3,37.2,38.2,38.6,38.3,38.1,39.9,43.4,
Botswana,43.1,45.9,48.5,50.5,48.3,47,46.3,43.8,43.9,41.8,39.4,39.4,39.4,40,40.3,33.6,35.5,35.7,33.7,30.6,29.9,33.3,34.4,32.8,31.5,30.1,29.7,28.9,26.9,28.4,31.8,32.9,34.7,37.9,45.4,46.3,44.8,44.1,46.1,44.4,42.7,45.3,47.6,49.7,48,45.3,45.2,45.8,50.1,56.8,55,52.7,57.7,56.7,55.8,58.1,57,59.1,59.4,60.7,63
Central African Republic,,,,,,,,,,,,,,,,,,,,,,,,,,,,,,,,,,,,,,,,,,,,,,,,,,29.3,29.3,28.6,30.1,39.6,41.8,42.1,41.7,41.9,42,41.2,42.5
Canada,,,,,,,,,,,,,,,,,,,,,,,,,,,,,,,,,,,,,,62.8,63.6,62.6,61.3,62.5,63,62.9,62.4,62,62.7,63.1,62.7,66.9,65.7,64.8,65.2,65.2,64.9,67,68,67.1,,,
Switzerland,,,,,,,,,,,,,,,,,,,,,,,,,,,,,,,64.6,65.4,66.5,67,66.2,66.5,67.8,68.4,68.9,68.5,69,68.7,68.8,69.4,69.6,69.5,69.4,69.4,69.4,70.8,70.8,70.6,71.2,71.2,71.5,71.8,71.9,71.9,71.9,71.7,71.3
Chile,52.1,52.6,51.5,51,50.1,50.2,49.8,49.7,49.7,49.4,50.5,52.5,53.3,51.7,44.4,54.6,50.3,52.4,54.2,53.9,55.1,57.6,59.8,52.9,49.3,50.2,51.7,50.3,45.9,47.4,47.1,46.6,48.2,49.3,49.3,48.3,51,51.8,53.8,54.7,54.1,54.9,54.5,53.7,51.7,50.5,47.2,48.5,53.6,54,52.8,53.5,55.6,56.9,56.7,57.9,58.6,57.9,58.3,58.8,56.5
China,32.4,32.3,29.7,27.1,26.6,27.4,24.9,26.3,27.3,27.1,24.9,24.4,24.8,24.3,24.1,22.7,22.6,24.3,24.6,22.3,22.3,22.7,22.6,23.2,25.5,29.4,29.8,30.4,31.2,32.9,32.4,34.5,35.6,34.5,34.4,33.7,33.6,35,37,38.6,39.8,41.2,42.2,42,41.2,41.3,41.8,42.9,42.9,44.4,44.2,44.3,45.5,46.9,48.3,50.8,52.4,52.7,53.3,54.3,54.5
Cote d'Ivoire,39,39.7,40.1,41.1,44.1,44.5,44.7,46.4,48.1,51,49.6,49.4,50.5,51.2,58.4,54.7,59.2,60.6,57.6,56.5,54.4,54.9,54.6,56.6,56.3,53.7,50.3,48.5,45.3,45.5,41.2,42.1,41.5,49,53.7,54.5,55,53,53,54.9,53.5,52.8,51.6,50.1,54.4,54.6,53.8,54.7,52.9,53.8,53.1,49.1,53.8,53.1,51.5,47.8,46.8,46.2,43.3,43.1,
Cameroon,,,,,,47,47.5,48.8,49,49.8,50,49.8,49.2,50.6,52.6,52.6,53.4,48,52.7,48.5,39.6,37.7,37,39.1,35.8,40.5,42.6,43.6,44.8,43.2,44.9,44.7,45.8,50.5,47.1,48.3,47.6,46.7,47,46.3,45.5,48.1,48.6,49.2,50.4,50.7,49.5,49.7,50.8,52.6,52.1,53.1,52,52.5,51.8,52.1,53,52.1,51.6,51.5,51.6
"Congo, Dem. Rep.",,,,,,,,,,,,,,,,,,,,,,,,,,,,,,,,,,,26.8,25.8,33.5,29.9,31,28.3,44.5,34.5,38.1,42,40.2,43.4,44.5,43.6,38.7,38.4,35.4,33.1,33.2,32.3,31.7,33.1,33.8,33.8,32.9,35.4,35.6
"Congo, Rep.",59.4,61.5,62.3,61.3,61.1,61.9,61.1,60.3,61.1,62.8,58.2,61,62.3,62.2,59.5,53.1,48.9,52.9,54.5,49.3,41.7,41.2,39.6,38.1,36.5,38.6,55.3,52.3,56.2,49.1,46.5,52.6,53,53.5,44.2,44.7,39.2,34,43,30.4,22.5,28.7,30.4,32.6,28.6,29.4,30.5,35.7,29.2,33.8,25.4,25.5,27,28.6,31.8,39.6,48.6,43.7,36.2,40.5,38.8
Colombia,,,,,,46.5,46.8,45.9,46.2,47.1,47.5,49.3,47.8,45.8,46.1,47.6,46.1,45,47.3,49,48.8,50.3,50.7,50.8,49.8,48.2,45.6,46.3,46.6,46.8,48.3,48.6,51.2,51.7,52.8,53.9,57.2,58.4,58.9,58.2,57.2,57.2,56.5,54.9,54.2,53.2,52.5,53,52,53.5,53.4,51.4,52,53.4,54.6,56.2,56.9,57.6,57.7,58.1,59.7
Comoros,,,,,,,,,,,,,,,,,,,,,54.5,54.5,54.5,54.5,54.5,54.5,54.5,54.5,54.5,54.5,54.5,54.5,54.5,54.5,54.5,54.5,54.5,54.5,54.5,54.5,54.5,54.5,54.5,54.5,54.5,54.5,54.5,54.3,55.8,53.5,53.2,53.6,54,53.1,53.8,54.9,54.2,54.2,53.5,53.3,
Cape Verde,,,,,,,,,,,,,,,,,,,,,64.5,66.9,71.6,70.7,70.5,69,68.5,63.6,63,63,55.5,56.3,55.8,67.3,56.6,58,58.6,62.1,62.7,63,65.4,69.4,70.6,71.3,71.9,71.8,72.6,61,59.8,60.2,61.2,60.6,62.2,61.8,61.2,60.5,61.8,61.2,60.9,61.4,58.9
Costa Rica,53.5,53.8,53.8,54.2,53.7,53.4,54,53.7,52.7,52.9,53.3,54.1,53.8,53.1,53,52.3,52.2,52,53.5,55,55.2,50.4,49.8,49.4,49.3,52.3,51.5,54.4,54.8,55.9,58.5,52.8,51.4,52.8,52.9,52.3,53,52.7,52.9,54.2,55.9,56.7,57.5,57.8,57.3,57.8,58.2,58,59.4,61.1,61.9,63.2,64.3,65.6,66.4,67.3,67.5,68.3,68.6,69.3,68.8
Cuba,,,,,,,,,,,,,,,,,,,,,,,,,,,,,,,,,,,,,64.7,63.9,66.6,67.1,66.6,67.5,69.4,70.7,71.5,73,73.3,72.4,72.3,72.5,72.5,73,71.7,71.8,72.9,72.8,72,70.8,70,,
Cayman Islands,,,,,,,,,,,,,,,,,,,,,,,,,,,,,,,,,,,,,,,,,,,,,,,83.5,84.4,85,86.9,87.6,87.3,87.2,87.2,87.3,87.4,86.9,87.1,86.1,,
Cyprus,,,,,,,,,,,,,,,,,,,,,,,,,,,,,,,,,,,,66.4,67,68.7,69.3,70.2,69.8,69.3,68.4,67.4,66.8,66.7,67,66.1,66.4,70,71.6,73.9,74.9,76.1,75.8,75.5,74.5,74.1,73.3,72.8,74.1
Czech Republic,,,,,,,,,,,,,,,,,,,,,,,,,,,,,,,,,,50.5,50.9,51.4,50.7,51.9,52.9,53.8,54.4,54.2,55.6,56.6,54.5,54.5,54.4,54.3,55.1,55.7,55.8,54.7,54.8,54.6,54.2,54.1,54.5,55.1,56.4,57,58.3
Germany,,,,,,,,,,,,,,,,,,,,,,,,,,,,,,,,56.4,57.4,59.2,59.1,59.8,60.7,61.1,61.3,61.5,61.5,62.2,63.1,63.3,63.2,63.4,62.7,61.9,62.2,64.2,62.3,61.8,61.7,62.2,62.1,62.2,61.8,61.8,62.1,62.4,63.4
Djibouti,,,,,,,,,,,,,,,,,,,,,,,,,,,,,,,,,,,,,,,,,,,,,,,,,,,,,,80.5,80.3,80.2,80.4,79.2,75,76.4,70.2
Dominica,,,,,,,,,,,,,,,,,,54.6,54.1,58.7,57.5,54.8,54.6,56.1,56.9,57.7,56.8,56.5,55.4,57.7,57.7,59.4,59.5,59.5,61.3,61.9,61.2,60.9,61,61.4,62.1,63.3,63.3,63.5,62.1,60.9,60.9,59,58.5,59.4,60.3,59,60.2,59.1,59,58.7,56.9,60.6,53.4,53.4,56.2
Denmark,,,,,,,54,54.8,54.6,55.1,56.8,57.4,57.3,58.2,59,60.2,60.5,59.9,59.8,60.4,59.1,60,60.2,60.3,59.2,59.1,58.4,59.2,59.9,60.1,60.9,61.6,61.8,63.1,62.5,61.6,61,60.8,60.7,60.7,60.3,60.9,61.5,62.2,62,61.6,60.9,61.5,62.3,65.4,65.4,64.7,64.3,65.2,65.6,65.8,65.1,64.9,64.9,64.7,64.6
Dominican Republic,85.7,86.9,86.7,87.3,87.1,45.3,41.2,40.8,41.1,39.8,39.8,39.9,41.5,40,35.8,34.9,39.8,40.6,44.4,43,43.1,44.5,46,44,40.5,59.4,49.9,60.2,51.6,47,47.7,46.8,47.3,48.7,49.6,49.8,49.9,50.7,49.4,50.7,52.1,54,53.8,55.2,55.1,55.8,55.6,54.9,57.2,59.2,59.3,59.6,59.9,58.9,58.7,59.1,59.8,59.4,58.6,58.3,57.2
Algeria,,,,,,,,,,,,,,,,,,,,,,,,,,,,,,,,,,,,,,,,39,33.1,35.8,36.1,34.4,33.6,31,31,33.2,33.4,40.8,39.2,40.5,40.5,42.2,43.9,48.5,49.3,47.6,45.5,46.2,47.8
Ecuador,41,41.1,40.1,39.9,40.1,41.1,42.4,42.1,40.7,43.7,41.7,41.5,42,44.6,45.7,48.6,49.3,49.3,50.2,51.1,53.3,53,51.8,52.6,48.4,47.8,47.3,46.9,44.4,44.4,45.1,44.7,44.6,44.3,46,47.8,49.5,50.2,52.1,49.5,45.3,50.4,51.9,54.2,54.1,53.4,51.8,51.3,49.5,52.1,51.1,49.3,49,49.3,49.3,51.4,51.6,51.2,51.4,51.8,52.6
Egypt,41.2,40.9,40.7,40.1,39.5,38.4,39,39.6,38.1,37.2,42.1,43.1,43.8,41.1,42.5,42.3,42.2,40.6,42.7,40.9,40.8,41.7,47.8,47.9,48.3,48.8,48.7,50.2,49.7,49.7,49.6,48.7,47.2,47.3,46.9,47.7,47.7,48.2,48.3,47.6,46.5,46.5,46,44.9,45.1,45.9,44.7,46.9,46.7,46.6,46.2,45.7,51.8,52.3,52.3,53.2,54.5,53.2,51.5,50.5,51.7
Spain,,,,,,,,,,,,,,,,,,,,,,,,,,,,,,,,,,,,60.4,59.9,59.6,59.3,59.2,59.2,59.5,59.9,59.9,60.1,59.8,60,61.3,63.5,66.5,66.3,67.7,68.5,68.5,68.4,68,67.9,67.8,67.9,67.9,67.8
Estonia,,,,,,,,,,,,,,,,,,,,,,,,,,,,,,,,,,,,57,57.3,57.5,58.8,62.5,60.6,60.3,60,59.7,59.6,59.1,57.9,57.1,59.6,60.8,59.9,58.3,58.8,59.2,59.3,60,60,60.4,60.7,61.3,62.7
Ethiopia,,,,,,,,,,,,,,,,,,,,,,30.8,32.4,31.8,35.5,33.2,33.9,34.4,35.4,35.8,36.3,29.7,26.8,28.7,33.8,33.1,33.3,27.4,32.8,35.9,37.4,38.5,41.4,42.8,40.1,39.1,38.6,39.1,37.9,38.8,41.8,41.4,38.6,39.7,39.9,39.5,36.7,36.6,36.4,37.1,36.8
Finland,,,,,,,,,,,,,,,,45.7,47.4,47.5,47.3,47.1,46.8,47.8,48.4,48.9,49.1,50.3,51.1,51.7,50.6,50.5,52.3,55.7,56.7,56.1,55.1,54.3,55.1,54.3,53.5,53.7,53,54.3,54.9,55.2,55.8,55.9,55,54.7,56.2,59.6,58.9,59.3,60.7,60.4,60.7,60.8,60.3,59.8,59.8,60.1,60
Fiji,,,,30.6,32.9,36.6,39.3,40.1,39.8,42.7,42.2,46.8,46.1,46.8,47.7,47.7,47.4,51.4,53.5,52,51.2,53.2,53.5,55.9,56.1,55.6,53.5,50.6,53.1,47.6,48.9,48.7,47.7,46.7,45.9,47.6,48.2,49.3,50.4,50.6,53.3,54,53.7,53.6,52.9,57.3,56.8,58.1,57.5,58.5,57.5,58.2,58,56.9,55.5,55.4,54.5,54.5,53.9,54,52
France,46.9,48,47.9,49,49.1,49.5,50,50.7,52.2,52.2,52.6,52.8,52.6,53,54.9,55.8,56.2,57.3,57.1,57,57.8,58.7,58.7,59.4,60.1,60.1,60.6,61.1,61.3,61.8,62,62.8,63.6,64.8,65,64.8,65.1,65.4,65.5,65.9,66.3,66.9,67.4,68.1,68.2,68.5,68.7,69,69.7,70.8,70.7,70.2,70.3,70.3,70.3,70.2,70.5,70.3,70.1,70,71.2
Faeroe Islands,,,,,,,,,,,,,,,,,,,,,,,,,,,,,,,,,,,,,,,50.7,52.1,50.9,50.8,52.1,55.2,56,57,54.5,55.1,58.3,60.7,58.3,58.7,60.4,59.1,57.4,56.4,53.2,52.8,53.8,51.8,
"Micronesia, Fed. Sts.",,,,,,,,,,,,,,,,,,,,,,,,,,,,,,,,,,,,65.4,66,66.1,62.2,63.6,62.8,64.2,65.6,64.2,65.3,64.9,66.5,65.3,64.3,61.4,60.7,58.9,57.2,59.8,64,61.9,61,60.7,66.8,66.8,
Gabon,33.9,33.2,33.5,17.8,39.1,39.8,39.9,38,36.1,35.8,33.9,40.6,35.7,40.5,28.4,31.3,32.6,36.3,35.7,30.8,32.8,35.5,33.2,36.7,34.2,26.7,43.3,40.2,54,49.6,49.7,47.8,48.4,46.3,38.3,39.6,37.5,39.1,49.8,43.9,37.5,37.9,38.9,38.8,36.3,29.6,30.9,31.3,29,36.8,30.8,25.6,27.5,29.6,32.7,39,41.7,42.6,41.4,41.2,46.2
Isle of Man,,,,,,,,,,,,,,,,,,,,,,,,,,,,,,,,,,,,,,,,,,,,,,,,,,,,,93,93.1,93.7,93.6,93.6,93.7,93.4,,
United Kingdom,,,,,,,,,,,,,,,,,,,,,,,,,,,,,,,67.9,68.1,69,69.9,69.9,64.6,64.8,65.4,65.7,65.7,65.7,67.1,67.3,68,68.8,69.2,69.1,69.7,69.7,71.4,70.5,69.8,70,69.7,69.9,70.1,70.7,70.4,70.5,70.9,72.8
Georgia,,,,,,,,,,,,,,,,,,,,,37.2,36.6,36.2,37.1,35.7,32.1,34.3,35.2,35.6,34.7,33.3,31.8,22.9,,,,41.4,44.8,48,49.2,53.2,52.9,52.4,51.4,51.7,51.1,55.2,56.8,60.7,60.7,63.1,61.7,61.7,62.2,61.7,62,61.5,60.3,60.3,60.8,58.6
Ghana,,,,,,,,,,,,,,,,,,,,,,,,,35,31.1,34.5,32.9,33.6,33.4,37.9,37.4,37.4,27.5,27.3,27.7,26.2,27.9,28.2,28.4,28.8,29.2,29.2,29.1,28.7,28.9,46.5,47.2,46.2,47.9,48.2,45.8,47.6,40.6,39.1,42.1,45.3,44.6,45,45.9,42.6
Guinea,,,,,,,,,,,,,,,,,,,,,,,,,,,41.2,45.7,42.5,41.2,44.5,48.1,53.5,50.9,51.3,49.6,49.5,46.7,43.7,45.3,41.4,40,39.4,40.6,39.2,37.9,44.9,45.6,43.7,44.3,43.4,43.9,42.2,43.5,43.4,45.5,41.9,37.9,38.2,38.3,36.2
Gambia,,,,,,,59.5,59.4,59.4,59.5,61.5,61.4,59.5,59.5,59.5,59,57.7,59.5,61.4,61.7,60,56.9,55,56.8,55.3,60,59.9,58.6,63.1,63.7,64.6,66.5,67.5,67.6,66.1,63.8,61.4,63.8,64.7,60.4,60.6,59.8,60.1,58.4,51.1,50.7,55.6,57.4,53,51.1,49.2,54.9,54.5,55.1,56.4,51.9,48.8,53.4,54.7,54.5,
Guinea-Bissau,,,,,,,,,,,31.3,33.1,31.8,32.7,33.1,26.9,36.4,31.2,28.4,28.5,39.1,34.8,38.8,46.1,44.3,37.9,34.9,27.1,25.4,32,19.3,34.2,38.7,33.2,30.9,30.8,29,29.6,24.6,26.7,41.8,46.1,38.8,38.3,39.4,39,41.4,41.6,38.3,40.7,39.4,40.6,38.1,40.1,41.9,36.4,36.4,32.5,50.3,51.2,50.2
Equatorial Guinea,,,,,,,,,,,,,,,,,,,,,,,,,,,,,,,,,,,,,,,,,,,,,,,15.7,17.5,15.4,23.7,24.7,22.1,22.9,27.2,29,39.1,45.2,40.9,40.5,44.3,51.7
Greece,,,,,,,,,,,,,,,,,,,,,,,,,,,,,,,,,,,,64,65.1,66,66.4,64.8,65.2,64.5,64.8,64.2,65.6,67.7,65.4,67.2,69.9,71.3,70.3,70.1,70,70.2,70.6,70,69.1,69.7,69.8,70,69.8
Grenada,,,,,,,,,,,,,,,,,,60.1,61,58.9,62.5,60.5,60.2,60.8,62.3,62.7,63,59.8,59.6,61.5,63.1,61.6,63.5,65.3,65.4,65.2,65.3,64.4,64.8,64.2,64.7,66.7,65.5,64.6,66.4,61.6,63.8,65,66.7,69.6,68.4,69.1,70.5,69.7,68.3,66.8,66.9,67,65.9,66.6,67.9
Greenland,,,,,,,,,,,,,,,,,,,,,,,,,,,,,,,,,,,,,,,,,,,,65.2,65.3,63.7,63.9,65.4,63.6,67.3,65.6,64.5,61.6,63.9,63.6,62.9,60.4,60.3,60.5,,
Guatemala,,,,,,54.2,53.7,54,53.4,53.6,54,53.5,52.9,52.9,53.4,53.5,52.6,52.8,53,53.1,53.2,53.3,53.6,54.2,54.6,54.5,54.3,54.2,54,54.3,54.3,54.7,54.7,55.3,55.8,56.2,56.3,56.3,56.6,56.8,57.4,54.8,54.3,54.8,55,56.2,56.7,57,58,58.9,59.5,59,59.5,60.8,60.9,61.4,61.9,62.5,63,62.6,61.9
Guyana,38.5,38.4,36.1,36.5,36.3,36.7,37.2,36.8,36.3,35,35.6,36.5,38.4,43.2,33.3,31.9,38.5,39.5,38.5,38.8,36.2,39.9,41.2,43.3,43,40.7,39.1,34.5,38.6,26.9,32.7,25.6,26.1,23.5,22.2,21.9,22.7,25.9,29,30.1,33.2,34.3,34.5,35.4,34.9,37.9,40.3,40.6,39.5,41,41.6,42.8,43,43,44.8,44.1,44.3,44.3,46,44.7,38.9
"Hong Kong, China",,,,,,,,,,,,,,,,,,,,,,,,,,,,,,,,,,,,,,,,,83.8,84.7,85.6,87.7,88.4,89.1,90,90.3,87.8,88.4,90.9,91.5,91.9,91.1,90.5,89.8,89.5,88.6,88.7,90,
Honduras,39.5,39,38.1,39.1,38.8,37.2,38.1,37.3,37,38.4,41,41.5,42.1,40.9,40.9,43.1,43.1,40.6,36.6,39,41.6,45.2,46.5,48.7,48.6,49.8,49.9,49,48.3,46.9,44.2,46.4,45.6,47.6,45.9,46.1,45.8,47.4,47.8,50.7,50.7,53,54.8,55.7,56,56.4,57,58.3,59.6,61.1,60.6,58.2,58.6,61,60.2,58.8,58.4,56.8,57.1,57.6,58.3
Croatia,,,,,,,,,,,,,,,,,,,,,,,,,,,,,,,,,,,,50.2,52.3,51.9,52.1,53.4,53.2,53.9,54.4,55.5,54.6,55.8,55.9,57.1,57,57.8,58.9,59.2,58.8,58.4,58.7,58.4,58.5,58.8,58.7,58.8,58.9
Haiti,,,,,,,,,,,,,,,,,,,,,,,,,,,,,42.6,40,43.5,40.2,40.9,43,43,42.8,41.1,42.1,41.4,40.7,57.2,57.4,58.2,55.1,55.4,54.3,52.6,52.1,51.2,51.6,52.5,51.2,51,50.8,51.8,52.5,53.2,53.5,53.6,54.1,53.2
Hungary,,,,,,,,,,,,,,,,,,,,,,,,,,,,,,,,,,,,51.7,52.6,52.3,52.1,53,53.3,54.4,55.7,55.7,54.3,55.2,56.1,55.8,56.4,56.8,56.6,55.9,55.2,55.4,54.8,54,55.4,55.9,55.8,56.4,55.8
Indonesia,,,,,,,,,,,,,,,,,,,,,,,,39.3,39.4,41.9,42.1,40.4,39.7,39.5,39.1,39.1,40.5,42.4,42.1,41.1,39.9,39.6,36.7,37,33.4,38.4,40.1,41.1,41,40.3,40.1,39.5,37.5,37.1,40.7,40.6,40.9,41.5,42.2,43.3,43.6,43.6,43.4,44.2,44.4
India,38.8,38.3,39.9,38.1,36.3,37.5,36.5,34.6,35.1,34.3,35,35.8,35.5,32.9,33.6,35.1,35.8,34.7,34.9,35.5,33.8,33.9,34.9,34.5,35.4,36.1,37,37.5,36.8,37.2,37,37.8,37.9,38.5,37.5,37.8,37.7,39.1,40.1,42,42.7,43.8,44.7,44.7,44.1,44.4,44,44,45.9,46,45,45.4,46.3,46.7,47.8,47.8,47.7,47.7,48.5,49.9,49.3
Ireland,,,,,,,,,,,,,,,,,,,,,,,,,,,,,,,,,,,,55.8,56,55.5,55.7,55.2,55.1,53,51.8,54.9,55.6,56.7,56.9,59.3,62.6,63.7,66.7,64.5,64.9,66,65.5,53.6,54.7,54.9,56,57.3,54.8
Iran,43.5,42.9,42.5,42.7,44,44.6,44.3,43.9,43.5,42.8,42.6,40.8,42,35.3,32.6,38.2,37.4,41.4,48.3,48.6,55.1,52.6,46.5,48.7,50.7,53.9,57,56.1,58,56.1,53.2,53.3,52.7,48.7,48.2,49.9,48.8,52.5,57.2,53.4,51.4,52.3,47.7,48.8,47.9,48,49.1,47.6,48.6,51.5,51.1,48.7,50.8,48.3,49.9,55.9,55.2,54.4,53.5,55.8,57
Iraq,,,,,,,,,37.1,38.8,39.7,36.1,38.9,37.5,25,27.4,23.7,25,26.2,23.6,22.3,40.3,42,44.9,46.7,45.6,52.7,49.3,49.3,50,22.3,37.7,30.3,28.1,24.7,15.1,24,17,19.4,13.6,10.9,16.1,17.8,21.8,31.7,30,33.2,35.4,34.3,43.5,39.7,33.5,35.9,38,40.1,51.2,50.8,47.7,43.3,45.4,50.8
Iceland,,,,,,,,,,,,,,,,,,,,,,,,,,,,,,,,,,,,51.3,51.7,52.8,54.3,55.5,56.9,56.8,59,60.3,60.2,60.5,58.9,62.7,61.5,64.9,61.9,61.1,62,62.9,63.8,64.4,65.5,65.6,65.7,66,66.2
Israel,,,,,,,,,,,,,,,,,,,,,,,,,,,,,,,,,,,,61.6,61.8,62.1,63,63.9,65,66.5,66.1,65.9,66.5,66.1,65.9,65.7,66.2,67,66.6,67,67.5,67.7,67.8,68.2,69.1,70.1,70.7,71.2,
Italy,,,,,,,,,,,,,,,,,,,,,,,,,,,,,,,60.1,60.4,60.8,61.6,61.5,61,61.7,61.7,61.7,62.1,62.7,63.5,63.8,64.6,64.5,64.8,64.3,64.1,64.7,66.7,66.3,66.2,66.4,66.7,67.1,67,66.6,66.4,66.3,66.4,66.8
Jamaica,,,,,,,,,,,,,,,,,,,,,,,,,,,,,,,,,,57.2,58.5,57.3,60.6,61.7,62.5,63.4,63.9,63.9,65.7,65.6,64.2,64.5,64.7,64.8,66.5,68.1,66.5,65.9,65.4,64.3,63.6,61.8,61.2,59.8,59.2,59.8,59.7
Jordan,,,,,,59.8,62.7,62,60.3,60.6,64.2,64.1,61.9,61.5,59,60,63.7,61.4,61,64.3,61.9,60.6,60.6,60.5,61.8,64.1,59.7,59.9,62.5,63.9,59.8,61.2,57.2,58.9,57.3,58.5,60.6,62.9,61.2,62,63.8,63.8,63.5,64,63.7,64.4,63.2,62.5,58.8,59.7,59.1,58.9,60.3,60.4,60.1,60.1,60.7,60.6,60.7,60.9,61.6
Japan,,,,,,,,,,,,,,,,,,,,,,,,,,,,,,,,,,,62.9,63.2,63.2,64.2,64.9,65.8,66,67.1,68.3,68.7,69,69.5,69.4,69.6,70.3,71.9,70.5,71.7,71.7,71.6,70.9,69.8,69.9,69.5,69.5,69.3,
Kazakhstan,,,,,,,,,,,,,,,,,,,,,,,,,,,,,,,,,25.1,47,44.4,54,58,58.9,56.7,52.4,48.4,49.4,50.5,51.8,53.4,52,51.6,54.2,52.1,54,51.7,48.9,51.4,53.2,54.8,59.3,57.9,57.3,55.5,55.5,55.8
Kenya,,,,,,,,,,,,,,,,,,,,,,,,,,,,,,,,,,,,,,,,,,,,,,,50.4,50.2,50.1,49.3,48.1,47.1,47.7,48,48,46.2,44.8,42.3,43.1,43.2,42.2
Kyrgyz Republic,,,,,,,,,,,,,,,,,,,,,,,,,,,,,,,30.6,26.3,23,28,33.9,35.6,30.3,31,35.2,34.7,30,32.1,36.4,37.8,39.6,42.4,43.4,45.5,45.8,49.9,49.3,47.9,51,49.6,50.6,52.1,50.1,49.9,49.8,49.9,49.6
Cambodia,,,,,,,,,,,,,,,,,,,,,,,,,,,,,,,,,,39.4,36.3,34.2,36,35.1,34.8,35.4,37.1,38.4,39.3,38.2,39.3,39.1,38.7,38.5,38.8,38.8,38.3,37.5,37.8,38.5,39.7,39.8,39.9,39.7,39.5,38.8,36.2
Kiribati,,,,,,,,,,,,,,,,,,,22,32.2,48.4,44.8,47.9,49.1,31.1,33.3,35.6,38.2,37.7,40.1,44.2,56.7,59.6,58,59,59.3,61,61.9,60.9,61.4,58.3,59.5,57.8,57.6,56.9,59.1,65.2,62.4,63,61.7,63.5,61.6,61.1,60.8,61.7,60.7,61.8,63.3,63.3,,
St. Kitts and Nevis,,,,,,,,,,,,,,,,,,60.5,62.9,63.1,59.7,64.6,65.6,66.7,67.5,69.9,66.1,64.7,62,62.9,62.4,67.5,67.3,67.7,70.5,67.4,67.5,67.9,67.3,66,66.9,63.4,63.8,65.9,67.9,68.8,66.9,68.2,67.4,68,67.4,66.3,69.6,69.7,67.2,65.9,64.9,65.4,67.2,67.1,64.3
South Korea,39.1,37.5,38.3,33.3,29.8,33.8,36.1,39.2,39.2,39.3,39.9,41.1,41.3,40.4,40.9,39.6,39.2,39.3,39,39.2,42.8,43,43.6,43,43.1,44.2,44.8,45,44.8,46.3,46.5,47.1,48.5,49.1,49.2,49.3,50.3,50.8,52.2,51.7,51.6,53.1,53.6,53.9,53.1,53.9,54.7,55.1,56.2,56,54.7,54.6,55.1,55.2,55.6,55.6,55.4,54.8,55.7,57.1,57
Kosovo,,,,,,,,,,,,,,,,,,,,,,,,,,,,,,,,,,,,,,,,,,,,,,,,,46.5,47,46.4,45.5,47,47.8,48.9,47.5,46.1,45.8,47.3,46.8,44.2
Kuwait,,,,,,,,,,,,,,,,,,,,,,,,,,,,,,,,,,,,,,,,,,,,,,,,,,,47,38.8,36.8,38.1,42.2,58.4,60.7,56.8,51.9,54.7,
Lao,,,,,,,,,,,,,,,,,,,,,,,,,,,,,,44.4,40.2,42.5,42.9,41.1,39.1,40.9,40.7,55.7,43.6,40.5,42.2,41.8,42.1,41.9,44.1,43.4,38.1,41.7,44.1,45.7,43.6,41.8,40.2,42.5,44.2,44.2,42.5,41.5,41.6,42.3,40.6
Lebanon,,,,,,,,,,,,,,,,,,,,,,,,,,,,,,,,,,,61.9,60.4,61.2,60.6,58.3,59.1,61.5,61.4,60.2,59.6,69.1,71.1,72.8,70.8,72.4,69.2,71.9,73.5,73,72.1,73.8,73.7,74,75.2,76.7,78.8,86.4
Liberia,,,,,,,,,,,,,,,,,,,,,,,,,,,,,,,,,,,,,,,,,19.7,19.4,17.9,23.8,27.2,26.7,30.3,28.5,27.7,37,50.2,47.4,44.8,47,48.5,53.1,50.3,48.2,50.2,48.9,49.7
St. Lucia,,,,,,,,,,,,,,,,,,,,,,,,,,,,,,,,,,,,,,,,,,,,,,,69.7,71.8,69.8,70.9,73.9,75.2,75.7,74.9,74.9,73.9,73.9,74.8,75.2,75.2,72
Liechtenstein,,,,,,,,,,,,,,,,,,,,,,,,,,,,,,,,,,,,,,,,,,,,,,,,,,,,,,,,,54.7,51.6,55,,
Sri Lanka,47.2,46.5,47.8,47,48.6,49.9,51,49.9,46.9,47.4,47.1,47.4,48.7,46.6,41.1,42.7,43.3,40.1,41.7,44.2,42.3,43.8,46.9,45,44.6,45.4,45.6,44.9,46.3,46.9,47,47,48,49.3,49.6,50.2,50.9,51.1,51.2,51.9,52.8,53.1,57.7,58.3,58.8,58,58,58.4,57.2,57.6,54.6,55.1,55.6,56.4,56.9,57.4,56.4,56.1,57.3,58.1,59.7
Lesotho,6.55,5.49,4.79,7.31,7.07,10.9,33.5,37,38.2,38.7,36.9,53.8,37.7,26.3,34.4,38.3,38.9,33.2,28.4,28.9,44.5,44.1,64.4,64.8,64.7,64.7,61,60.7,58.6,58.2,55.9,55.9,53.1,53.5,54,53.2,54.6,56.4,55.1,53.3,51.3,48.3,49.1,49.2,48.7,48.9,47.5,48.8,48.2,53.9,53.8,51.9,52.9,54.9,53.1,51.5,53.3,54.5,51.7,52,52.8
Lithuania,,,,,,,,,,,,,,,,,,,,,,,,,,,,,,,,,,,,51.3,51.9,51.3,52.7,55.2,56.9,57,57.9,57.3,56.7,56.5,56.4,56.7,57.2,62.6,60.7,58.5,58.5,59.7,59.5,59.9,60.9,60.4,61.4,61.4,61.5
Luxembourg,,,,,,,,,,,,,,,,,,,,,,,,,,,,,,,,,,,,70.4,72.3,71.2,70.2,72,72.1,72.8,73.1,72.9,72.7,73.8,75.8,74.2,76,77.8,78.3,78.3,78.3,78.1,78.3,79.1,78.8,79.3,78.6,79.2,80.1
Latvia,,,,,,,,,,,,,,,,,,,,,,,,,,,,,,,,,,,,54.2,55.6,55.9,58.6,60.8,61.4,62.7,63,64.4,64.1,64.9,64.5,64,65.2,65.8,64.4,64.6,64.5,64.7,65.6,65.3,65.6,64.8,64.5,64.7,64
"Macao, China",,,,,,,,,,,,,,,,,,,,,,,,,,,,,,,,81.5,82.1,83.3,83.2,83.7,80.7,81.8,78.3,76.6,80.7,81.9,85,85.1,82.6,82.4,78,82.5,85,89.3,94,96.1,95.6,96.2,94.3,91.7,92.8,93.5,94.3,94,
Morocco,,,,,,,,,,,,,,,,,,,,,46.7,48.7,47.4,46.9,47.5,46.7,45.8,47.9,45,45.4,45,44.2,46.3,47.1,45.5,48,45,46.6,47.3,49.2,50.6,50.7,50.9,50.2,50.6,52.3,51.4,53.5,51.2,51.5,51,52.4,53.5,51.6,51.6,49.7,50.4,50,50.1,50.9,51.2
Monaco,,,,,,,,,,,,,,,,,,,,,,,,,,,,,,,,,,,,,,,,,,,,,,,,,,,87.1,87.2,87.1,86,87.4,82.4,81.8,87.2,86.9,87,
Moldova,,,,,,,,,,,,,,,,,,,,,,,,,,,,,,,,,,,,33.1,37.5,38.3,43.3,49.5,45.3,45.9,47.9,48.5,49.9,50.4,52.6,56,56.4,60,54.5,53.6,54.5,52.8,52.3,53,54,53.2,53.6,54.1,54.2
Madagascar,,,,,,,55.1,54.9,54.9,54.4,53,52.4,51.7,49.3,44.5,44.7,45.1,44.9,44.7,47,,,,,,,,,,,,,,,,43.6,47.6,47.6,47.6,46.3,48.4,50.9,50.2,49.9,50.2,51.4,52.5,54.5,54.4,52.7,53.3,53.7,54.7,54.6,54.3,55.1,54.9,55.5,53.1,51.9,57
Maldives,,,,,,,,,,,,,,,,,,,,,,,,,,,,,,,,,,,,,,,,,,,,73.1,73,69.6,72.9,74.1,72.2,77.9,77.7,75.1,75.5,75.6,75.4,72.3,69.9,69.4,68.3,70,
Mexico,,,,,,56.9,57.7,56.9,57,57.1,52.5,53.5,54.3,53.8,53,52.6,53.7,52.7,53,52.9,59.9,60.7,61.3,59.1,58.8,58,58.5,55.9,57,58.7,59.7,60.4,61.8,58,58.5,58.7,57.2,56.9,56.9,57,57.8,58.4,58.8,60.4,59.4,60,59,59.2,59.5,60.7,60.4,59.9,60,61.1,60.2,61,60.8,60.1,59.9,59.9,60
Marshall Islands,,,,,,,,,,,,,,,,,,,,,,,,,,,,,,,,,,,,,,68.8,68.2,66.4,72.6,71.6,71.4,73.9,77.6,78.2,76.6,75.9,77,76.1,71.5,69,67,68.2,71.9,75.3,71.4,72.1,72.1,68,
North Macedonia,,,,,,,,,,,,,,,,,,,,,,,,,,,,,,,39.5,40.4,37.2,45.1,44.9,45.6,46.1,43,43.4,44.5,52.8,54.4,52.9,52.4,54.2,55.8,56.3,56.7,55.1,57.1,55.1,55.1,56.3,54.8,53.8,53.7,53.5,54.5,54.3,55.2,57
Mali,,,,,,,,18.8,20.9,21.3,19.5,19.3,23.2,26.5,31.5,23.2,25.1,25,27.7,25.7,43.8,43,45.4,46.8,45.3,43.3,43.3,41.5,40.8,40.6,41.1,39.1,41.7,39.4,40.7,38.5,37.8,36.6,37.5,37.3,37.3,35.9,35.3,37.3,36.5,34.8,34.6,36,36.7,34.2,35.5,36.7,34.2,38.3,37.3,37.3,35.6,34.9,33.9,33.5,34.4
Malta,,,,,,,,,,,35.6,39.7,33.8,31.8,29.4,27.4,25.7,26.7,28,29.5,30.5,32.3,33.7,36.1,34.8,35,33.4,35.3,35.7,35.4,37,37.5,41.1,42.9,42,60.5,62.2,61.9,62.1,62.4,60.3,62.6,61.6,62.1,63.4,64.1,65.1,67.2,67.7,68.5,69.3,69.9,72,72.7,74.2,75.7,75.5,76.1,75.2,75.7,76.1
Myanmar,,,,,,,,,,,,,,,,,,,,,,,,,,,,,,,,,,,,,,,,,,,,,,,,,37.1,37.4,36.7,36.2,37,38.1,37.7,39.4,39.6,40.3,40.7,41.9,41.4
Montenegro,,,,,,,,,,,,,,,,,,,,,,,,,,,,,,,,,,,,,,,,,58.2,57.4,57.1,56.2,56.9,57.6,55.8,55.3,55.2,57.4,58.6,60.6,61.5,58.6,58.6,60.3,59.6,60.1,59.2,58.7,
Mongolia,,,,,,,,,,,,,,,,,,,,,,,,,,,,,,,43.3,44,33.7,36.6,34.9,29.3,31.8,32.1,37.4,37.2,39.2,42.3,46.6,45.2,40.2,37.5,33.6,33.9,39.7,43.1,44.8,45.8,46.9,44.7,45.8,47.5,46.1,42.3,39.3,40,40
Mozambique,,,,,,,,,,,,,,,,,,,,,,,,,,,,,,,,47.4,49.9,50.8,52.4,52.6,45.4,45.8,46.2,43.3,45.9,48,49.9,47.2,46.7,47.8,46.2,47.5,46.9,46.4,47,47.4,48,48.7,48,47.4,45.3,40.9,40,39.9,
Mauritania,,32.1,36.4,39.4,38.1,33.4,31.5,32.1,30.2,30.5,32.7,32.6,36.7,33.9,32.9,36.7,37.7,41.4,44.1,43.3,44.9,43.2,44.9,46.3,46,43,41.7,42,41.2,39.4,41.9,41.1,41.9,40.1,40.8,39.9,40.6,41.7,36,36.6,40.4,41.3,42.1,43.4,42.8,40.7,34.1,38.3,39.2,42.7,39.9,36.2,38.9,37.9,44.4,46.5,43.9,44.1,45.3,46.1,44.1
Mauritius,,,,,,,,,,,,,,,,,46.5,48.2,49.2,47.4,52.5,52.3,51.4,51.3,49.6,46.3,44.4,46.1,47.4,48.7,46.1,47,47.5,48.4,50.4,51,51.6,52.6,52.6,55.8,56,56.2,57.1,57.4,57.5,59.5,61.8,61.9,61.6,62.2,62.9,63.2,63.6,64.4,65.7,66.3,67,67.4,67.5,67.7,68.2
Malawi,38.3,37.9,38.3,38.5,36.2,35.3,37,36,36.8,36.8,35.9,37.1,34.4,39,39.2,39.6,40,37.2,38,16.5,30.3,34.7,34.4,32.7,33.9,31.3,31.8,22.9,22.6,20.7,22.3,26.6,26.7,24.7,47.4,44.1,41.6,45.9,41.7,39.9,38.4,40.5,39.3,38.9,39.4,40.9,42.5,44.5,46.7,47,47.9,47.9,49.2,49.7,49.8,50.2,51.9,52.3,52.7,51.7,55.6
Malaysia,,,,,,,,,,,,,,,,,,,,,,,,,,,,42.7,42.1,44.1,44.2,44.8,45.7,48,47.9,47.9,47.9,48.2,49,47.9,46.3,49.2,48.7,46.7,44.5,44.2,43.9,44.5,43.9,48.8,48.5,47.8,49,49.9,50.1,52,52.5,51.9,53,54.2,54.8
Namibia,,,,,,,,,,,,,,,,,,,,,38.3,46.9,50.4,52.7,54.5,49.5,50.2,54.2,50.4,49.9,53.8,56.2,58.9,60.7,56.4,58.7,60.1,60.3,59.2,59.5,56.9,56.2,54.3,59,57.8,56.5,52.6,52.5,51,55.3,56.6,57,56.1,57.7,57.7,57.9,57.7,58.6,57.8,58.4,57.9
Niger,20.8,22.7,20.5,23.4,22.1,28.8,29.4,24.9,26,28.3,28.2,27.1,29.4,30.4,28.5,38.7,40.1,34.2,32.4,32.6,34,35.2,38.4,38.2,42.6,42.3,43.4,46.1,47.3,48.4,40.7,40.7,40.9,42,43.6,45.2,43.2,45.4,41.4,42.7,40.4,37.4,36.2,36,38.4,37.9,37.4,37.4,34.3,36.9,35.1,36.7,35,36,37.1,38.5,38.2,37.8,36.6,36.1,
Nigeria,,,,,,,,,,,,,,,,,,,,,,47.5,50.7,49.9,50.4,47.3,48.2,45.6,43,42.3,42,41.2,41,42.4,42.5,37,35.4,36.3,42.4,43.6,43.8,46.2,39,39.1,43.4,44.7,48.5,50,49,51,50.8,49.2,50.2,52.4,54.2,58.1,59.8,55.8,52,49.7,46.4
Nicaragua,,,,,,,,,,,,,,,,,,,,,,,,,,,,,,,,,,,50.3,48.7,47.2,48.5,48.8,50.2,49.7,50.3,50.4,52.1,50.5,49.9,53.8,53.3,52.9,54.2,51.7,48.5,48,48.4,48.5,48.6,49.5,50.3,51,50.6,49.3
Netherlands,,,,,,,,,,52.6,53.6,53.9,54.5,55.3,54.7,57.1,56.7,58.1,59.4,59.6,59.3,58.6,59.6,60.4,59.1,59.1,61.1,62.6,62.4,62.2,62.1,62.7,63.7,64.4,64.4,63.6,63.8,64.5,65.2,65.6,65.7,65.2,66.3,66.6,66.7,66.3,65.9,66.3,66.2,68,68.4,68.5,68.7,69.1,69.9,70.1,70.2,70.1,70,70,69.8
Curaçao,,,,,,,,,,,,,,,,,,,,,,,,,,,,,,,,,,,,,,,,,76.7,74.7,75.1,76.8,78,78,76.1,75,76.1,74.5,77,76.5,76.7,74.9,74.5,72.4,72,71.7,73.5,,
Norway,,,,,,,,,,,55.3,55.1,55.7,56,56.1,55.1,55.2,55.2,54.7,52.9,51.6,51.2,51.4,50.8,49.4,49.4,53.9,55,57,56.5,56.4,57.4,57.7,57.7,56.7,55.3,53.6,53.2,56.6,55.2,49.9,51.5,53.5,53.9,52.4,49.9,48.2,50.3,48.6,53.6,52.7,51.1,51.6,52.6,53.9,56.4,58.4,56.8,55.3,58,60.4
Nepal,98.6,98.6,98.6,98.6,98.6,23.2,19.7,22.5,21,21.2,21,22.2,20.8,23,19.9,19.3,20.8,23.4,23.4,22.2,24.7,24.9,24.5,25.2,24.8,31.4,30.9,31.6,30.9,31.3,30.4,33.6,33,35.1,33.1,33.2,33.4,33.4,35.2,34.6,34.7,44.5,43.6,44.1,45.2,45.8,47.9,48.8,49.2,48.6,46.4,47.8,48,48.8,49.6,50.5,51.6,51.8,51.6,52,53.3
Nauru,,,,,,,,,,,,,,,,,,,,,,,,,,,,,,,,,,,,,,,,,,,,,,,,,,,,,,58,70.9,94,,,,,
New Zealand,,,,,,,,,,,,51.8,51.2,52.7,54,54.5,52.6,53.8,54.8,52.8,54.3,54.1,54.6,55.2,54.2,57.7,58.8,58.3,59.8,58.6,60.3,60.1,60.3,59.7,59.6,60.4,61,61.8,63.3,62.7,61.8,62.1,63.2,63.9,63.9,64.3,64.3,63.4,64.3,65.5,64.4,64.4,65.1,64.4,65.5,66,65.7,65.2,65.5,,
Oman,,87.7,74.1,72.4,72.4,73,71.1,45.1,24.8,21.5,21.5,23.2,27.6,27.8,16.7,22.1,29.3,32.6,36.9,34.4,29.4,,,,,,,,,,,,,,,,,,52.6,47.1,40,42.4,43.6,43.7,43,37.1,36.6,39,32.9,41.1,37.9,34.4,35.2,37.9,41.1,50.2,54,52,46.4,48.1,
Pakistan,36.5,36.2,36.6,36,35.5,37.4,40,38.8,38.2,38,37.1,37.5,38.3,38.4,39.9,42.3,41.5,40.7,41.3,42,40.9,41.5,41.6,43,44,44.1,44.4,44.8,44.1,43.6,43.4,43.2,43,44.7,44.7,44.9,45.8,45.7,45.3,45.8,50.3,51.4,52.8,52.4,50.7,51.4,52.6,52.8,53.1,53.1,52.8,50.9,51.6,52,51.7,52.2,52.8,53.2,52.8,53.9,52.8
Panama,,,,,,,,,,,59.8,60.1,62,61.1,62.2,61.2,62.5,63.7,63.9,64.3,64.6,65.4,66,67.1,66.9,64.3,64.3,65,68.3,68.2,69.2,67.7,68.4,66.6,67.3,66.9,66.9,68.7,68.7,67.6,69,71,71.8,70.4,70.8,71.2,72.1,73.4,71.8,73,72.9,72.6,71.3,68.1,66.6,65.8,65,64.6,64.9,65,71
Peru,44.3,44.1,45.2,47.5,46.7,47.1,46.6,45.5,45.4,44.5,44.5,45.2,45.7,45.1,45.4,47,46.1,88.7,43.2,38.1,,,,,,,,,,,,58.4,56.8,54.8,52.7,52.9,53.1,53,53.5,54,54,54.5,54.5,54,51.4,49.8,47.4,47.3,48.4,50.7,48.9,47.8,49.1,50.5,52.4,54,54.3,53.9,53.5,54.4,
Philippines,41.8,41.6,42.1,41,42.1,41.7,41.9,41.1,40.2,39.9,38.6,37.3,37,35.3,34.5,34.7,34.6,34.4,34.9,35.1,36.1,35.9,37.8,38.4,37.3,40.4,41.5,41.6,41.9,42.4,43.6,45,45.3,45.7,45.5,46.3,47.3,49,50.8,51.7,51.1,51.8,51.8,52.3,52.4,52.7,53.2,53.4,52.7,53.9,53.9,54.6,55.5,56.8,56.7,58.5,59.5,59.7,59.8,60.9,61.4
Palau,,,,,,,,,,,,,,,,,,,,,,,,,,,,,,,,,,,,,,,,,73.5,70.3,67.8,71.1,72.2,70.9,74.2,75.4,78.2,77.7,76.7,76.9,77.1,79,78.8,78.1,78.1,78.2,80.5,,
Papua New Guinea,,,,,,,,,,,,,,,,,,,,,,,,,,,,,,,,,,,,,,,,,,,,,,,41.2,42.5,42.3,45.3,44.1,47,49.6,50.5,44.5,43.3,43.4,41.5,41.6,,
Poland,,,,,,,,,,,,,,,,,,,,,,,,,,,,,,,,,,,,49.1,50.7,52.3,53.7,54.5,56.8,58.3,58.9,58,56.4,56.3,56.2,55.6,56,56.7,56.3,55.2,56.2,57.2,56.6,56.2,56.3,56.6,56.7,57.6,57.5
Puerto Rico,59.6,,,60.4,61.7,62.7,63.9,63.1,62.6,62.6,63.3,60.7,61.5,62.7,61,64.1,62.3,61.8,60.4,58.6,56.9,55.5,56.7,58,57.1,57.2,57.1,57.6,57.2,57,57,57.8,56.8,51.5,56.3,56.6,57.1,58,55.3,55.3,52.3,50,49.8,50.2,49.5,52,52.3,53.3,52.4,49.5,48.6,48.9,49,49.5,49,47.9,48.3,48.4,48.8,48.2,48.8
Portugal,,,,,,,,,,,,,,,,,,,,,,,,,,,,,,,,,,,,58.5,57.8,58.4,58.6,59,60.1,60.6,61.3,62.2,62.6,63,62.9,63.6,64.8,66.9,66.1,66.3,66.4,66.9,66.3,65.5,65.5,65.4,65.2,65.6,66.1
Paraguay,,,38.9,38,38.8,39.5,39.6,40.4,41,40.8,40.7,39.8,39.6,37.4,38.5,38.4,39.6,39.1,39.3,39.3,39.9,41.1,42.1,43.2,42.7,43.2,44.6,44,42,41.4,42.1,41.4,44,44.1,42.1,41.5,42.6,44.6,44.7,44.5,44.9,43.6,41.4,40.8,41,41.8,43.6,43.8,43.3,46.4,45.3,44.9,48.1,47,47.1,48.6,47.6,48,48.9,49.6,48.8
Palestine,,,,,,,,,,,,,,,,,,,,,,,,,,,,,,,,,,,53.5,52.2,51.5,54.8,54.4,53.3,58.3,60,66.4,62.8,57.4,57.3,58.3,60.5,57.5,57.8,57.7,60.2,60,60.8,61.4,61.7,61,59,60,61.1,
Qatar,,,,,,,,,,,,,,,,,,,,,,,,,,,,,,,,,,,,,,,,,,,,,,,,,,,,28.6,28.5,30.3,32.9,46.1,50.8,47.3,43.1,46.7,53.8
Romania,,,,,,,,,,,,,,,,,,,,,,,,,,,,,,,24.2,32.6,35.9,32.7,29.7,40.3,39.8,40,43.6,46.6,49.2,45.2,45.7,45.3,45.2,47.9,48.3,49.3,46.6,48.4,46.2,43,50.4,50.5,51.7,53.5,55.5,57.3,57.8,59,
Russia,,,,,,,,,,,,,,,,,,,,,,,,,,,,,,30.6,32.6,36.7,48.7,42.8,44.8,52.2,49.4,50.6,51.8,49.9,49.7,51.5,53.8,53.8,50.7,48.8,49.7,50.7,50.7,53.8,53.1,53.8,54.5,56.1,55.7,56.1,57,56,53.4,54,56.3
Rwanda,,,,,,18.4,18.4,24.4,25.2,24.8,29.8,30.1,31,30.2,31.7,31.8,31.9,32.3,35.5,32.2,32.6,38.5,38.5,37.7,35.9,35.5,39.4,44.5,43.6,42.3,42.8,46.9,48.1,47.9,29.1,40,34.7,35.4,35.8,41.9,44.3,43.4,44.4,43.7,42.5,42.5,45.2,48.2,49.3,49.5,49.9,47.9,48.8,49.8,49.2,49.7,49.3,47.9,49.7,49.1,46.4
Saudi Arabia,,,,,,,,,,,36.5,30.4,28.9,27.3,15.9,27.3,28.7,31.9,38.6,34.4,27.9,28.7,39.1,49,51.7,55.5,58.5,55.6,55.1,51.7,45.5,46.2,42.8,46.1,46.4,45.5,42.7,44.1,50.2,47.1,41.4,44.3,44.2,41.8,39.7,35.2,34.6,34.6,31.1,42.5,39.2,34.3,35.2,38,40.5,51.9,54,51.6,48.4,50.4,56.2
Sudan,,,,,,,,,,,,,,,,,,,,,,,44.8,47.1,49.6,46.9,45.2,49,42.4,44.3,42.5,43.9,45.5,44.4,52.1,49,39.9,37.2,36.8,36.9,35.7,36.9,36.1,37.7,36.9,39.6,40,40.3,38.7,46.2,44.5,43.6,46.7,47.3,48.9,48.6,50.2,54.9,51.2,36.2,36.1
Senegal,,,,,,,,,,,,,,,,,,,,,52.7,51.7,49.8,52.4,51.1,49.3,48.5,47.6,49.7,50.5,51.2,50.6,50.2,49.7,50.9,48.8,49,49.9,50.1,50,50.3,49,50.2,50.5,50.4,49.4,51.7,53.2,53.6,52.4,52.4,53.8,53.7,52.7,53.6,51.4,52,52.2,52.2,51.2,49
Singapore,74.5,74.6,73.9,73.4,70.5,69.2,68.9,69,68.1,67.3,65,64.1,62.2,62.6,63.1,63.1,62.4,62.5,63.2,61.5,59.9,60.5,61.8,60.7,60,63.1,62.6,62.9,61.5,62.3,64.2,62.8,62.5,62,61.8,61.6,62.1,62.6,62.7,63.1,60.7,63.6,64,64.3,63.1,64.1,64.9,66,68.3,68,67.8,69,69.2,70.8,70.3,70,70.6,70.3,69.2,70.7,70.9
Sierra Leone,,,,,33.6,36.2,35.9,40.3,41.8,37.4,36.4,39.3,40.9,38.1,37.5,38.6,41.7,41.9,40,41,41.4,43.6,44.2,45.2,44.5,39,42,34,39.5,39.7,31.8,24.1,19.9,22.2,19.2,17.1,13.7,13.4,13,12.4,12.5,41.5,40.2,38.8,36,36.2,35.6,34.7,35.1,34.6,35.3,35.3,32.6,28.5,29.8,33.9,33.3,32.4,32.3,31.1,29.9
El Salvador,,,,,,35.5,36.5,36.8,38,38.7,35.3,36,36.4,35.9,37.6,38.2,36.7,34.1,37.9,37.4,40.1,43.1,45.2,46.5,48.5,49.7,49.9,53.7,53.6,55.2,54.7,54.7,54.9,53.5,53.7,54.3,55.3,56.2,56.9,57.9,58.6,58.4,59.1,59.2,60.5,60.5,60.3,59.4,58.7,61,59.5,57.8,58.3,59.5,59.4,60,60.3,60.1,60.1,60.4,61.5
Serbia,,,,,,,,,,,,,,,,,,,,,,,,,,,,,,,,,,,,42.2,43.2,44.1,43.3,42.1,40.3,41.4,43.1,46.8,45.5,47.2,47.6,48.6,48.6,51.6,51.7,50.3,51,50.4,51.7,50.9,50.3,50.9,51,51.2,51.5
South Sudan,,,,,,,,,,,,,,,,,,,,,,,,,,,,,,,,,,,,,,,,,,,,,,,,,36.6,35.5,33.6,34.1,42.7,68.1,45.7,56.6,,,,,
Sao Tome and Principe,,,,,,,,,,,,,,,,,,,,,,,,,,,,,,,,,,,,,,,,,,69.8,70.3,71.5,73.2,75.7,73.4,72.2,68.4,67,67.1,68.7,70,69.8,69.4,70.4,71,71.1,72.4,72.7,70.8
Suriname,39.2,40.7,41.5,40.8,41.6,40.7,36.4,35.8,36.6,36.5,40.3,38.7,41.4,39.4,33.2,40.5,43,42.2,44.5,44.4,48.4,49.9,54.4,56.9,56.1,59.6,62.9,66,63.9,65.2,50.8,54.2,52.6,49.6,36.5,33.2,36.5,42.8,46.7,46.6,46,42.5,43.8,43,41.4,41.4,45.4,44.7,44.2,47.7,48.2,47,47.7,50.8,52.3,54.5,57.1,48.2,50.8,55.8,
Slovak Republic,,,,,,,,,,,,,,,,,,,,,,,,,,,,,,,,,,,,56.6,56.7,58.8,57.9,58.4,57.2,57.5,58.2,56.5,54.9,54.8,53.4,53.7,54.5,59,58.3,56.8,57.5,59,56.3,56.9,58.1,58.4,58,58.6,61
Slovenia,,,,,,,,,,,,,,,,,,,,,,,,,,,,,,,,,,,,52.2,52.3,52.5,52,52.3,53.8,54.4,54.4,55,55,55.6,55.6,54.9,55.9,58.3,58.8,58.1,57.5,57,56.3,56.3,56.7,56.7,56.6,56.6,56.9
Sweden,,,,,,,,,,,,,,,,,,,,,56.7,57.4,57.5,57.2,55.7,55.1,55.5,55.5,55.8,56.1,57.1,57.7,59.6,59.8,59,58.1,59.6,59.7,59.7,60.3,60.6,60.9,61.2,61.6,62,62.4,62.1,61.7,62.5,64.4,62.8,63.3,64.2,65.2,65.7,65.3,65.5,65.1,65.2,65.5,66.1
Eswatini,,,,,,30.9,29.7,33.3,40,32.8,34.8,34.5,29.7,30.8,31.1,25.8,26.6,26.5,25,26.8,40.5,40,40.3,44.4,41.8,43.8,41.4,39.9,36.7,34.9,39.6,39.8,42,41.3,37.9,36.1,35.9,35.2,35,35.1,45.6,45.1,44.4,45.9,47.5,46.6,46.9,47.1,48.5,48.6,49.6,50.2,48.4,49.4,50.3,50.1,51.4,53.1,53.3,52.1,53.8
Sint Maarten (Dutch part),,,,,,,,,,,,,,,,,,,,,,,,,,,,,,,,,,,,,,,,,,,,,,,,,,,,77.8,78.1,78.8,67.7,69.1,69.6,69.1,,,
Seychelles,,,,,,,,,,,,,,,,,67.2,69.4,69.7,69.4,69.5,59.5,60.1,59,60.6,63.4,60.7,62.9,58.2,59.8,55.2,55.1,53.8,50.9,60.1,60.7,60.1,60.8,60.6,60.2,50.5,51.7,48.9,46.4,62.5,63.2,65.9,68,67.6,70.3,68.5,63.9,67.5,69.7,69.1,70.6,71,68.4,69.2,70.5,68.1
Turks and Caicos Islands,,,,,,,,,,,,,,,,,,,,,,,,,,,,,,,,,,,,,,,,,79.5,80.3,78.7,75.8,74.2,73.2,71.5,74.8,77.4,80.9,83.4,82.9,82.2,81.6,79,76.7,77.8,77,76.8,75.4,72.7
Chad,48.1,48.6,49.3,48.3,48.7,47.9,46,42.2,42.2,42.8,43.8,44,44.9,44.7,43.5,44.6,46,51.8,51.6,49.3,46.7,49.2,48.8,47.2,48.8,47.6,50.9,50.2,47.6,49.2,50.5,48.9,49.7,51.7,49.4,49.4,46.3,44,43.7,45.5,44.6,43,43.9,40.4,28.7,35.1,32.5,33.2,32.6,37.5,33.4,32.6,31.8,33,31.1,33,30.5,33.5,37.5,40.5,46.9
Togo,29.6,29.4,32.4,29.9,31.9,34.4,34.1,32.5,33.6,35.8,45.2,45.8,48.9,47.8,42.3,46.9,47.2,45.1,53.1,49.4,47.7,49.3,49.7,44.1,46.3,44.7,45.4,46.5,44.9,43.5,43.7,42,41,35.2,43.8,40.1,38.1,37.7,48.2,46.9,53.5,50.6,50.9,57,54.2,47.5,49.1,55.5,43.7,54,56.3,53,29.8,30.9,28.1,27.4,49.2,49.3,50.1,49.6,49.3
Thailand,,,,,,,,,,,,,,,,,,,,,,,,,,,,,,,,,,55.1,54.4,53.6,53.9,54.4,53.6,54.7,54.8,55.1,54.4,52.6,52.8,52.3,51.5,51.2,50.4,51.6,49.6,50.4,51.2,51.8,53.1,54.9,55.9,56.6,57.1,58.3,58.3
Tajikistan,,,,,,,,,,,,,,,,,,,,,,,,,,25.1,26.8,26.5,29.1,31.7,29.1,26,28.6,27.2,28.7,21.2,27.2,32.5,42.3,39.9,31.5,31.2,33.1,32.3,39.3,40.6,40.9,42.9,43.9,47,45.1,42.4,43.5,44.1,41.1,39.2,37.2,38.9,36.7,37.1,35.3
Turkmenistan,,,,,,,,,,,,,,,,,,,,,,,,,,,,32,37,35.7,36.7,37.3,79.4,15.5,18.6,19.1,16.9,28.5,30.4,26.4,28.9,29.8,33.9,36.2,38.2,42.9,45.6,42.3,27.2,27,28.1,,24.9,,31,36.4,38,41.8,44.1,47.2,
Timor-Leste,,,,,,,,,,,,,,,,,,,,,,,,,,,,,,,,,,,,,,,,,51.1,59.5,58.3,59.3,60.2,63.1,63.1,62.9,62.4,67.5,68.9,66.2,70.1,61.5,63.5,63.6,65.9,68.8,67.9,56.8,
Tonga,,,,,,,,,,,,,,,,,,,,,,,,,,,,,,,,,,,47.4,47.2,47.6,49.4,49.7,48.8,49.9,50.8,50.2,48.9,49.7,51.3,53.5,51.6,52.8,54.7,53.6,51.7,51.8,54.2,54,53.4,52.1,50.7,50.5,,
Trinidad and Tobago,,,,,,,55.3,53.5,51.5,53.9,54.8,54.9,53.7,50.7,39.6,40.1,40.5,42.3,45.3,44.2,42.6,46.2,54.8,55.5,54.5,55.9,60.1,57.3,57.2,54.2,48.3,51,55.1,54.5,50,51.1,51.3,54.4,57.5,56.8,51.5,53.4,55.3,47.7,44.7,39.7,38,39.5,35.2,46.5,45.5,43,46.8,49.1,50.2,57.4,59,58.3,55.4,55.8,
Tunisia,,,,,,47.6,49.3,50.2,50,48.8,48.8,47.1,45.7,45.3,41.7,43.8,44,43.7,44.1,43.4,41.3,41.8,43.8,40.4,39.5,38.8,43.7,41.7,44.9,44.7,43.1,41.8,42.1,43.9,45.2,46.4,45.2,51.4,52.2,51.8,53.2,54.1,55.6,55.9,55.8,56.3,56.6,56,55.1,56,56.7,57.7,58,58.6,58.2,58.7,59.8,60.9,60.6,61.7,61.3
Turkey,25.8,28.9,28.1,27.8,29.4,31.7,30.3,32.1,34,34.4,36.3,37,38.9,39.3,38.5,39,40.4,42.2,42.7,44.1,49,47.7,48.4,50.4,50.9,51.1,46.6,47.2,46.6,47.4,48.1,49.7,50.1,50.7,48.9,48.6,49.4,51.4,48.6,52.5,52.8,55,53.6,53.1,53.1,53,53.4,54.9,55.5,57.2,54.5,53,54,53.3,53.8,53.5,54,53.5,54.5,56.5,54.6
Tanzania,,,,,,,,,,,,,,,,,,,,,,,,,,,,,,,33.3,31.9,33.3,33.8,36.9,35.5,34.6,35.4,47.6,48.7,49.1,49.1,47.6,46,45.1,45.1,45.6,45.5,43.7,44.6,43.3,41.4,40.6,40.3,41.3,40.4,39.4,37.9,37.2,36.8,36.3
Uganda,33.7,33.7,34.8,32.8,31.5,32.1,32.9,32.8,32.6,31.4,30.9,29.5,30.5,28.3,25.7,19.2,18.8,18.8,20.4,30.1,23.4,34.8,32.6,30.4,31.2,34.3,31.1,32,31.7,31.1,30.5,32.5,33.6,33.1,33.5,33.3,35.2,36.7,36.2,37.8,44.7,44.8,47.7,46.5,52,45.3,47.1,46.9,46.9,36.5,37.7,40.2,41.1,43,43.4,42.8,44.2,43.5,43.5,43.2,43
Ukraine,,,,,,,,,,,,,,,,,,,,,,,,,,,,29.9,30,27.9,28.5,28.9,29.4,40.4,32.5,37.5,42.4,43.8,42.1,39.3,39.5,42.8,45.1,47.6,47.2,50.2,48,49,50.7,54,55.1,53,54,56.2,54.2,51.2,49.9,50.9,51.3,54.5,55.6
Uruguay,,,,,,,,,,,,,,,,,,,,,,,,58.6,59.6,58.8,56.8,53.1,57.3,60.9,61.5,60.3,61.4,68.5,67.1,65.5,66.3,61.9,62.2,64.1,65.3,65.9,63.9,59,56.3,56.7,56.8,56.9,57.6,58.4,58.2,58.3,59.3,59.1,59.1,59.3,63.5,65.5,64.4,64.3,63
United States,,,,,,,,,,,,,,,,,,,,,,,,,,,,,,,,,,,,,,71.8,72.4,72.7,72.8,74,74.9,74.6,74.2,74,73.7,73.9,74.5,76.4,76.2,75.9,76.1,75.8,75.8,76.8,77.5,77.2,76.9,77.3,
Uzbekistan,,,,,,,,,,,,,,,,,,,,,,,,,,,,31.5,33.5,36.3,34.6,26.5,29.6,31.8,33.2,34.7,37.1,36.5,36.4,36.5,37.2,38.2,37.9,37.4,37.2,37,38,39.8,41.4,41.4,35.9,35.3,35.7,36.9,36.1,35.9,35.8,33.7,31.8,32.9,33.5
St. Vincent and the Grenadines,,,,,,,,,,,,,,,,,,63.4,60.2,59.9,62.8,60.6,60,61.5,59.3,57.6,56.4,57.2,54,56.1,56.8,58.8,57.7,60.1,62.4,60.5,61.6,62.2,61.6,62.7,63.2,64.5,65.3,65.4,65.5,66.1,64.9,63.2,63.1,62.7,63.2,64.2,64.9,64.7,64.4,63.7,62.9,62.3,61.8,62.8,63.2
Venezuela,,,,,,,,,56.9,60.5,57.7,58.3,60.6,57.1,45,53.5,55.4,57.3,60.2,54.9,53.9,56.2,58.5,61.1,37.4,38.1,42.4,38.8,39.8,34.3,32.4,36.1,38,40.5,46.9,48.5,42.2,40.3,45.8,45.8,43.1,46,43.3,41.5,37.3,35.1,36.3,39.4,38.8,45.9,39,38.6,44.9,45.6,51.7,,,,,,
Vietnam,,,,,,,,,,,,,,,,,,,,,,,,,,,33.1,31.1,29.7,35,38.6,35.7,38.8,41.2,43.7,44.1,42.5,42.2,41.7,40.1,38.7,38.6,38.5,38,38,42.6,42.7,42.8,42.5,43.4,36.9,36.7,37.3,38.7,39,39.7,40.9,41.3,41.1,41.6,41.6
Samoa,,,,,,,,,,,,,,,,,,,,,,,,,,,,,,,,,,,,,,,,,,,,,,,,,,63.9,71.8,72.6,71.5,72.1,72,73.8,73.1,72.6,75,74.7,74.8
Yemen,,,,,,,,,,,,,,,,,,,,,,,,,,,,,,,26.7,31.1,32.7,36.4,36.8,36.2,31.5,31.1,37.1,33.4,31.1,34.1,34,34,33.8,31.8,31.6,31.5,28.4,33.2,27.4,29,29,27.2,27.3,23.4,23,19.2,16.8,,
South Africa,48.4,48.2,48.6,48.6,48.8,48.5,48.7,49.4,50.8,50.3,51.2,52.2,51.3,50.1,48.3,48.5,48.9,49.2,47.7,45.5,43.1,45.1,46.5,47.5,48.3,47.5,47.4,48.9,48.3,49,50.5,52.4,55.3,55.4,55.3,56.1,57.1,57.8,58.2,59.3,59.1,58.5,58.3,60.1,60.1,60.1,60.7,60.2,59.1,60.5,61,60.9,61.3,61.2,61,61.4,60.8,61,61,61.2,61.4
Zambia,,,,,,,,,,,,,,,,,,,,,,,,30.6,35.1,34.7,33.2,38.3,33.7,23.7,24.8,28.6,24.3,21.5,38,39.7,41.5,41.5,44.8,47.5,49,49.1,49.7,49.7,48.8,49,47.5,47.5,49,51.6,52.8,50.4,53.2,53.1,53.5,56.2,54.2,52.1,54.2,54.6,48.3
Zimbabwe,,,,,95,46.7,48.1,45.6,49.9,47.7,49.8,48.3,47.4,47.5,46.9,47.1,47.5,49,54.1,51.5,53.1,51.8,54.4,52.7,47.5,45,46.2,48.4,45.6,44.9,45.4,42,47.1,47.1,43.8,49.2,46.5,48.9,47,46.1,70.1,74.7,77,74.4,49.8,48.7,44.9,44.5,48.5,54.9,57.8,57.9,55.1,58.3,57.6,58.7,60.4,56,37.4,,
